chain_id,address,account_type,code_state,code_size_bytes,observation_block_number,observation_block_hash,observation_block_timestamp,finality_policy,eip7702_delegation_target,fetch_status,reason_code,evidence_schema_version,fetched_at
1,0x02b014c060de1947e175236819c30b18cb616093,eoa_candidate,no_code,0,25739638,0x4da5bc7004c57265498f2e88d86d65632b5c64c47f6143a2f1d7d6659a5fa834,2026-08-12T14:53:11Z,safe,,complete,no_code_observed,account-evidence-v2,2026-08-12T15:03:35.371392Z
1,0x06b1655b9d560de112759b4f0bf57d6f005e72fe,contract,contract_code,22142,25739638,0x4da5bc7004c57265498f2e88d86d65632b5c64c47f6143a2f1d7d6659a5fa834,2026-08-12T14:53:11Z,safe,,complete,contract_code_observed,account-evidence-v2,2026-08-12T15:03:35.371392Z
1,0x14f7046978bebd6468b76892ff60f58c555761c8,eoa_candidate,no_code,0,25739638,0x4da5bc7004c57265498f2e88d86d65632b5c64c47f6143a2f1d7d6659a5fa834,2026-08-12T14:53:11Z,safe,,complete,no_code_observed,account-evidence-v2,2026-08-12T15:03:35.371392Z
1,0x15ace3121918c35f7c6541e888e92aa87b1254a2,eoa_candidate,no_code,0,25739638,0x4da5bc7004c57265498f2e88d86d65632b5c64c47f6143a2f1d7d6659a5fa834,2026-08-12T14:53:11Z,safe,,complete,no_code_observed,account-evidence-v2,2026-08-12T15:03:35.371392Z
1,0x16e46dec73c0d372b461718869fba264ec08b137,contract,contract_code,170,25739638,0x4da5bc7004c57265498f2e88d86d65632b5c64c47f6143a2f1d7d6659a5fa834,2026-08-12T14:53:11Z,safe,,complete,contract_code_observed,account-evidence-v2,2026-08-12T15:03:35.371392Z
1,0x18fec35ecdc3f53fc77993867974b239eab700d0,eoa_candidate,no_code,0,25739638,0x4da5bc7004c57265498f2e88d86d65632b5c64c47f6143a2f1d7d6659a5fa834,2026-08-12T14:53:11Z,safe,,complete,no_code_observed,account-evidence-v2,2026-08-12T15:03:35.371392Z
1,0x1e10688dec7930269cf3328b1a3812fbc7b8a32e,eoa_candidate,eip7702_delegated,23,25739638,0x4da5bc7004c57265498f2e88d86d65632b5c64c47f6143a2f1d7d6659a5fa834,2026-08-12T14:53:11Z,safe,0x0727ca41efc85f75cef26ee48f825893b4836786,complete,eip7702_delegation_observed,account-evidence-v2,2026-08-12T15:03:35.371392Z
1,0x26fd44616778704e07c86eedd3ef0fa80a034405,eoa_candidate,no_code,0,25739638,0x4da5bc7004c57265498f2e88d86d65632b5c64c47f6143a2f1d7d6659a5fa834,2026-08-12T14:53:11Z,safe,,complete,no_code_observed,account-evidence-v2,2026-08-12T15:03:35.371392Z
1,0x28c6c06298d514db089934071355e5743bf21d60,eoa_candidate,no_code,0,25739638,0x4da5bc7004c57265498f2e88d86d65632b5c64c47f6143a2f1d7d6659a5fa834,2026-08-12T14:53:11Z,safe,,complete,no_code_observed,account-evidence-v2,2026-08-12T15:03:35.371392Z
1,0x2d92b3083420c99bf864906c0e080d4c41ed241b,eoa_candidate,no_code,0,25739638,0x4da5bc7004c57265498f2e88d86d65632b5c64c47f6143a2f1d7d6659a5fa834,2026-08-12T14:53:11Z,safe,,complete,no_code_observed,account-evidence-v2,2026-08-12T15:03:35.371392Z
1,0x3e4e638588e2edadad8a15baa3afbce9f94f8339,eoa_candidate,no_code,0,25739638,0x4da5bc7004c57265498f2e88d86d65632b5c64c47f6143a2f1d7d6659a5fa834,2026-08-12T14:53:11Z,safe,,complete,no_code_observed,account-evidence-v2,2026-08-12T15:03:35.371392Z
1,0x463091f2878063132ebee6179b840111dab492a3,contract,contract_code,171,25739638,0x4da5bc7004c57265498f2e88d86d65632b5c64c47f6143a2f1d7d6659a5fa834,2026-08-12T14:53:11Z,safe,,complete,contract_code_observed,account-evidence-v2,2026-08-12T15:03:35.371392Z
1,0x48da0965ab2d2cbf1c17c09cfb5cbe67ad5b1406,contract,contract_code,22142,25739638,0x4da5bc7004c57265498f2e88d86d65632b5c64c47f6143a2f1d7d6659a5fa834,2026-08-12T14:53:11Z,safe,,complete,contract_code_observed,account-evidence-v2,2026-08-12T15:03:35.371392Z
1,0x4af210f7bb3bcbb8a0613a4237a0211ad8ff94db,eoa_candidate,no_code,0,25739638,0x4da5bc7004c57265498f2e88d86d65632b5c64c47f6143a2f1d7d6659a5fa834,2026-08-12T14:53:11Z,safe,,complete,no_code_observed,account-evidence-v2,2026-08-12T15:03:35.371392Z
1,0x5041ed759dd4afc3a72b8192c143f72f4724081a,eoa_candidate,no_code,0,25739638,0x4da5bc7004c57265498f2e88d86d65632b5c64c47f6143a2f1d7d6659a5fa834,2026-08-12T14:53:11Z,safe,,complete,no_code_observed,account-evidence-v2,2026-08-12T15:03:35.371392Z
1,0x50ccf30828ddda5adfd25a3cec24b83f13496774,contract,contract_code,171,25739638,0x4da5bc7004c57265498f2e88d86d65632b5c64c47f6143a2f1d7d6659a5fa834,2026-08-12T14:53:11Z,safe,,complete,contract_code_observed,account-evidence-v2,2026-08-12T15:03:35.371392Z
1,0x552cfe6b693997861bc3bf2b479ecaae4ff9d004,eoa_candidate,no_code,0,25739638,0x4da5bc7004c57265498f2e88d86d65632b5c64c47f6143a2f1d7d6659a5fa834,2026-08-12T14:53:11Z,safe,,complete,no_code_observed,account-evidence-v2,2026-08-12T15:03:35.371392Z
1,0x5777d92f208679db4b9778590fa3cab3ac9e2168,contract,contract_code,22142,25739638,0x4da5bc7004c57265498f2e88d86d65632b5c64c47f6143a2f1d7d6659a5fa834,2026-08-12T14:53:11Z,safe,,complete,contract_code_observed,account-evidence-v2,2026-08-12T15:03:35.371392Z
1,0x58e6c7ab55aa9012eacca16d1ed4c15795669e1c,contract,contract_code,171,25739638,0x4da5bc7004c57265498f2e88d86d65632b5c64c47f6143a2f1d7d6659a5fa834,2026-08-12T14:53:11Z,safe,,complete,contract_code_observed,account-evidence-v2,2026-08-12T15:03:35.371392Z
1,0x5e08981b66e7b0e1ca12140df8d94ac27bdd73df,contract,contract_code,171,25739638,0x4da5bc7004c57265498f2e88d86d65632b5c64c47f6143a2f1d7d6659a5fa834,2026-08-12T14:53:11Z,safe,,complete,contract_code_observed,account-evidence-v2,2026-08-12T15:03:35.371392Z
1,0x60594a405d53811d3bc4766596efd80fd545a270,contract,contract_code,22142,25739638,0x4da5bc7004c57265498f2e88d86d65632b5c64c47f6143a2f1d7d6659a5fa834,2026-08-12T14:53:11Z,safe,,complete,contract_code_observed,account-evidence-v2,2026-08-12T15:03:35.371392Z
1,0x61a3cf8788b65b4967a20523bbc56e651f0dd156,eoa_candidate,no_code,0,25739638,0x4da5bc7004c57265498f2e88d86d65632b5c64c47f6143a2f1d7d6659a5fa834,2026-08-12T14:53:11Z,safe,,complete,no_code_observed,account-evidence-v2,2026-08-12T15:03:35.371392Z
1,0x6c17830df079bf409d3da9731aae7e6b632ebfcd,eoa_candidate,no_code,0,25739638,0x4da5bc7004c57265498f2e88d86d65632b5c64c47f6143a2f1d7d6659a5fa834,2026-08-12T14:53:11Z,safe,,complete,no_code_observed,account-evidence-v2,2026-08-12T15:03:35.371392Z
1,0x6ed44e657f6b5d7f0f2199ac5b15b2f0e8986b47,eoa_candidate,no_code,0,25739638,0x4da5bc7004c57265498f2e88d86d65632b5c64c47f6143a2f1d7d6659a5fa834,2026-08-12T14:53:11Z,safe,,complete,no_code_observed,account-evidence-v2,2026-08-12T15:03:35.371392Z
1,0x7e976df1cc53fb950485705da7b6220fe21a4a65,eoa_candidate,no_code,0,25739638,0x4da5bc7004c57265498f2e88d86d65632b5c64c47f6143a2f1d7d6659a5fa834,2026-08-12T14:53:11Z,safe,,complete,no_code_observed,account-evidence-v2,2026-08-12T15:03:35.371392Z
1,0x81f62e5bf508ca4456363a0ef766b5c775b56fd2,eoa_candidate,no_code,0,25739638,0x4da5bc7004c57265498f2e88d86d65632b5c64c47f6143a2f1d7d6659a5fa834,2026-08-12T14:53:11Z,safe,,complete,no_code_observed,account-evidence-v2,2026-08-12T15:03:35.371392Z
1,0x840c57b24d0ef6030930be2b8b45d3e7a3aeb199,contract,contract_code,170,25739638,0x4da5bc7004c57265498f2e88d86d65632b5c64c47f6143a2f1d7d6659a5fa834,2026-08-12T14:53:11Z,safe,,complete,contract_code_observed,account-evidence-v2,2026-08-12T15:03:35.371392Z
1,0x8aff0d8f6c74c0a1b16e52a7855d9cbe0c1fe371,eoa_candidate,no_code,0,25739638,0x4da5bc7004c57265498f2e88d86d65632b5c64c47f6143a2f1d7d6659a5fa834,2026-08-12T14:53:11Z,safe,,complete,no_code_observed,account-evidence-v2,2026-08-12T15:03:35.371392Z
1,0x931896a8a9313f622a2afca76d1471b97955e551,contract,contract_code,170,25739638,0x4da5bc7004c57265498f2e88d86d65632b5c64c47f6143a2f1d7d6659a5fa834,2026-08-12T14:53:11Z,safe,,complete,contract_code_observed,account-evidence-v2,2026-08-12T15:03:35.371392Z
1,0x9c571af5eb3afd528acbca7b6c3bc95b57acef07,eoa_candidate,no_code,0,25739638,0x4da5bc7004c57265498f2e88d86d65632b5c64c47f6143a2f1d7d6659a5fa834,2026-08-12T14:53:11Z,safe,,complete,no_code_observed,account-evidence-v2,2026-08-12T15:03:35.371392Z
1,0xa0b86991c6218b36c1d19d4a2e9eb0ce3606eb48,contract,contract_code,2186,25739638,0x4da5bc7004c57265498f2e88d86d65632b5c64c47f6143a2f1d7d6659a5fa834,2026-08-12T14:53:11Z,safe,,complete,contract_code_observed,account-evidence-v2,2026-08-12T15:03:35.371392Z
1,0xa3509a16bbfc5992eb01cc861b615ccd8e937da8,contract,contract_code,11293,25739638,0x4da5bc7004c57265498f2e88d86d65632b5c64c47f6143a2f1d7d6659a5fa834,2026-08-12T14:53:11Z,safe,,complete,contract_code_observed,account-evidence-v2,2026-08-12T15:03:35.371392Z
1,0xa478c2975ab1ea89e8196811f51a7b7ade33eb11,contract,contract_code,11293,25739638,0x4da5bc7004c57265498f2e88d86d65632b5c64c47f6143a2f1d7d6659a5fa834,2026-08-12T14:53:11Z,safe,,complete,contract_code_observed,account-evidence-v2,2026-08-12T15:03:35.371392Z
1,0xa7ac9f7087d7197e0047db9a90562a1364bf897d,contract,contract_code,171,25739638,0x4da5bc7004c57265498f2e88d86d65632b5c64c47f6143a2f1d7d6659a5fa834,2026-08-12T14:53:11Z,safe,,complete,contract_code_observed,account-evidence-v2,2026-08-12T15:03:35.371392Z
1,0xa9d1e08c7793af67e9d92fe308d5697fb81d3e43,contract,contract_code,6889,25739638,0x4da5bc7004c57265498f2e88d86d65632b5c64c47f6143a2f1d7d6659a5fa834,2026-08-12T14:53:11Z,safe,,complete,contract_code_observed,account-evidence-v2,2026-08-12T15:03:35.371392Z
1,0xaded0d42345e10494776f04c195c77c5feda19c7,eoa_candidate,no_code,0,25739638,0x4da5bc7004c57265498f2e88d86d65632b5c64c47f6143a2f1d7d6659a5fa834,2026-08-12T14:53:11Z,safe,,complete,no_code_observed,account-evidence-v2,2026-08-12T15:03:35.371392Z
1,0xb1d12c0cfc5eda37e24f8255c3d86e0054dac40a,eoa_candidate,no_code,0,25739638,0x4da5bc7004c57265498f2e88d86d65632b5c64c47f6143a2f1d7d6659a5fa834,2026-08-12T14:53:11Z,safe,,complete,no_code_observed,account-evidence-v2,2026-08-12T15:03:35.371392Z
1,0xc23da3ca9300571b9cf43298228353cbb3e1b4c0,contract,contract_code,170,25739638,0x4da5bc7004c57265498f2e88d86d65632b5c64c47f6143a2f1d7d6659a5fa834,2026-08-12T14:53:11Z,safe,,complete,contract_code_observed,account-evidence-v2,2026-08-12T15:03:35.371392Z
1,0xc23da4243de58055ea2f7d7c142390e7afaab4c0,eoa_candidate,no_code,0,25739638,0x4da5bc7004c57265498f2e88d86d65632b5c64c47f6143a2f1d7d6659a5fa834,2026-08-12T14:53:11Z,safe,,complete,no_code_observed,account-evidence-v2,2026-08-12T15:03:35.371392Z
1,0xc6d4ab7043f59dd9bfac40ebe10eecdc2b95ab08,contract,contract_code,170,25739638,0x4da5bc7004c57265498f2e88d86d65632b5c64c47f6143a2f1d7d6659a5fa834,2026-08-12T14:53:11Z,safe,,complete,contract_code_observed,account-evidence-v2,2026-08-12T15:03:35.371392Z
1,0xcd42b4c4d102cc22864e3a1341bb0529c17fd87d,contract,contract_code,171,25739638,0x4da5bc7004c57265498f2e88d86d65632b5c64c47f6143a2f1d7d6659a5fa834,2026-08-12T14:53:11Z,safe,,complete,contract_code_observed,account-evidence-v2,2026-08-12T15:03:35.371392Z
1,0xcfbc67429109def50758fb79f15fee6bae817e92,eoa_candidate,no_code,0,25739638,0x4da5bc7004c57265498f2e88d86d65632b5c64c47f6143a2f1d7d6659a5fa834,2026-08-12T14:53:11Z,safe,,complete,no_code_observed,account-evidence-v2,2026-08-12T15:03:35.371392Z
1,0xcfd374ba3996ae34cabf97b43857b0c54f131d4f,contract,contract_code,171,25739638,0x4da5bc7004c57265498f2e88d86d65632b5c64c47f6143a2f1d7d6659a5fa834,2026-08-12T14:53:11Z,safe,,complete,contract_code_observed,account-evidence-v2,2026-08-12T15:03:35.371392Z
1,0xd73b03f1ea390feb20d879e4dfb83f1245c8d4be,contract,contract_code,170,25739638,0x4da5bc7004c57265498f2e88d86d65632b5c64c47f6143a2f1d7d6659a5fa834,2026-08-12T14:53:11Z,safe,,complete,contract_code_observed,account-evidence-v2,2026-08-12T15:03:35.371392Z
1,0xe605435fa66bd8aa8851b4c6bd835d121c381c12,eoa_candidate,no_code,0,25739638,0x4da5bc7004c57265498f2e88d86d65632b5c64c47f6143a2f1d7d6659a5fa834,2026-08-12T14:53:11Z,safe,,complete,no_code_observed,account-evidence-v2,2026-08-12T15:03:35.371392Z
1,0xed1a388386a67ecd4612b4be8faa0626cac3b03c,eoa_candidate,no_code,0,25739638,0x4da5bc7004c57265498f2e88d86d65632b5c64c47f6143a2f1d7d6659a5fa834,2026-08-12T14:53:11Z,safe,,complete,no_code_observed,account-evidence-v2,2026-08-12T15:03:35.371392Z
1,0xed322b33b005b9c65ba876506dba22c7b47f0c01,eoa_candidate,no_code,0,25739638,0x4da5bc7004c57265498f2e88d86d65632b5c64c47f6143a2f1d7d6659a5fa834,2026-08-12T14:53:11Z,safe,,complete,no_code_observed,account-evidence-v2,2026-08-12T15:03:35.371392Z
1,0xfb82fbeb335848ac7563219c2bebed07e5291475,eoa_candidate,no_code,0,25739638,0x4da5bc7004c57265498f2e88d86d65632b5c64c47f6143a2f1d7d6659a5fa834,2026-08-12T14:53:11Z,safe,,complete,no_code_observed,account-evidence-v2,2026-08-12T15:03:35.371392Z
1,0xfe13ed997281425cfbebd0176cd18c62a70be66e,eoa_candidate,no_code,0,25739638,0x4da5bc7004c57265498f2e88d86d65632b5c64c47f6143a2f1d7d6659a5fa834,2026-08-12T14:53:11Z,safe,,complete,no_code_observed,account-evidence-v2,2026-08-12T15:03:35.371392Z
