chain_id,block_number,block_hash,block_timestamp,transaction_hash,transaction_index,transaction_from_address,transaction_to_address,log_index,token_address,from_address,to_address,value_raw
1,15616484,0x4a5279edbd83d015b303868c24078be7c5858db6b8f5732f8875c783068b3f81,1664182463,0x45a74a9b2d07bda03cfc11eb3f6c9af8eaf83649a158d61a8790493b44f6e1cc,24,0x5a1caf852e36c4af2ee1ef403c0f455a197f505f,0xc6d4ab7043f59dd9bfac40ebe10eecdc2b95ab08,35,0xdac17f958d2ee523a2206206994597c13d831ec7,0xc6d4ab7043f59dd9bfac40ebe10eecdc2b95ab08,0x11c24f0031b4c35e2e9353764edc61299291e0af,35000000000
1,15640605,0xedfbee20efc9c52b046c3295b94e7201e9e0188224334a2a330f0235c0e5fdd2,1664473919,0x75dc72f2a90d8fcbeac1e959d6300ee3181e22ecfcf3d653348beebe19ba076d,61,0x4c18bd7117f0e694b0f4fdfe6a03f520ec5905c7,0x11c24f0031b4c35e2e9353764edc61299291e0af,66,0xdac17f958d2ee523a2206206994597c13d831ec7,0x11c24f0031b4c35e2e9353764edc61299291e0af,0xaded0d42345e10494776f04c195c77c5feda19c7,1595000000
1,15647672,0xc3d85d948b962ec058edb871f5e95e8414e6275dcb74712e0f25e246d3b19caf,1664559239,0x22bfba5ebfc76ad6a08afc8e0bde5175fbdee7fb477363f6fbe545fc28990c1f,84,0x4c18bd7117f0e694b0f4fdfe6a03f520ec5905c7,0x11c24f0031b4c35e2e9353764edc61299291e0af,150,0x6b175474e89094c44da98b954eedeac495271d0f,0x48da0965ab2d2cbf1c17c09cfb5cbe67ad5b1406,0x11c24f0031b4c35e2e9353764edc61299291e0af,19998221840195267182158
1,15647672,0xc3d85d948b962ec058edb871f5e95e8414e6275dcb74712e0f25e246d3b19caf,1664559239,0x22bfba5ebfc76ad6a08afc8e0bde5175fbdee7fb477363f6fbe545fc28990c1f,84,0x4c18bd7117f0e694b0f4fdfe6a03f520ec5905c7,0x11c24f0031b4c35e2e9353764edc61299291e0af,151,0xdac17f958d2ee523a2206206994597c13d831ec7,0x11c24f0031b4c35e2e9353764edc61299291e0af,0x48da0965ab2d2cbf1c17c09cfb5cbe67ad5b1406,20000000000
1,15647692,0xd13c413bff5bca273b1ca7fb0a18b1e0b914cfa732ce7aec87c4287295147660,1664559479,0xb7fa3e1601db6ca71efeffd9e61bbae4ab782917f17a30c16dff9dfd84007fdb,106,0xc2e2b715d9e302947ec7e312fd2384b5a1296099,0x11c24f0031b4c35e2e9353764edc61299291e0af,199,0x6b175474e89094c44da98b954eedeac495271d0f,0x11c24f0031b4c35e2e9353764edc61299291e0af,0x9c571af5eb3afd528acbca7b6c3bc95b57acef07,3750000000000000000000
1,15668215,0x686c6927a4b0103f95b61e97af90f300bbf9dc241daf130f806d2e907a55ea9b,1664807195,0x3b1bf61a2413cbb7b1a240e0f46975c53a9537feb217030966f410538ebb4686,148,0x00b4c83e2bfeba4e01a8623d5c379258352a733b,0x11c24f0031b4c35e2e9353764edc61299291e0af,257,0x6b175474e89094c44da98b954eedeac495271d0f,0x48da0965ab2d2cbf1c17c09cfb5cbe67ad5b1406,0x11c24f0031b4c35e2e9353764edc61299291e0af,4999595794402471871067
1,15668215,0x686c6927a4b0103f95b61e97af90f300bbf9dc241daf130f806d2e907a55ea9b,1664807195,0x3b1bf61a2413cbb7b1a240e0f46975c53a9537feb217030966f410538ebb4686,148,0x00b4c83e2bfeba4e01a8623d5c379258352a733b,0x11c24f0031b4c35e2e9353764edc61299291e0af,258,0xdac17f958d2ee523a2206206994597c13d831ec7,0x11c24f0031b4c35e2e9353764edc61299291e0af,0x48da0965ab2d2cbf1c17c09cfb5cbe67ad5b1406,5000000000
1,15668367,0x5a11e63c080f268d9531cc22cf0c11d5ce1cb37bece1c27d5112e9114f697e78,1664809019,0xa75e3a5f83260721bfaa299edc1b9dd4b2a43caaba414ab8b2f3efa94d234b1d,68,0x00b4c83e2bfeba4e01a8623d5c379258352a733b,0x11c24f0031b4c35e2e9353764edc61299291e0af,95,0x6b175474e89094c44da98b954eedeac495271d0f,0x11c24f0031b4c35e2e9353764edc61299291e0af,0x6c17830df079bf409d3da9731aae7e6b632ebfcd,18063000000000000000000
1,15668873,0x60d4de0475dd4b6d3e2a4ceaa4a24c31fcd8f33586f341e901b031424eb97722,1664815151,0x1ac6daefa3fec0c2c277a5081486fbc1455c2d6e6d6778fa5d1f48af45a9b0b9,53,0x7830c87c02e56aff27fa8ab1241711331fa86f43,0xa9d1e08c7793af67e9d92fe308d5697fb81d3e43,28,0x6b175474e89094c44da98b954eedeac495271d0f,0xa9d1e08c7793af67e9d92fe308d5697fb81d3e43,0x11c24f0031b4c35e2e9353764edc61299291e0af,10000000000000000000000
1,15675159,0xf875ee7f0ed8ad17c0bfadab5affbe16f2d6cbaf915d68d14c730e691609aba2,1664891219,0x757d625034276fafa3435ca21e6e1f05d063781e18e21a30766ab7c6579b247a,88,0x7e976df1cc53fb950485705da7b6220fe21a4a65,0x6b175474e89094c44da98b954eedeac495271d0f,133,0x6b175474e89094c44da98b954eedeac495271d0f,0x7e976df1cc53fb950485705da7b6220fe21a4a65,0x11c24f0031b4c35e2e9353764edc61299291e0af,15000000000000000000000
1,15675549,0xa8bbd38cb27f6153bb17d562c7fd5ebad779020ec3783840bc2646607b2ee4c5,1664895947,0x64a1709d0d3103eb0c7caccdbd14af022383ea76c3a2b70a691a9768804c7fc0,147,0x1e10688dec7930269cf3328b1a3812fbc7b8a32e,0xa0b86991c6218b36c1d19d4a2e9eb0ce3606eb48,260,0xa0b86991c6218b36c1d19d4a2e9eb0ce3606eb48,0x1e10688dec7930269cf3328b1a3812fbc7b8a32e,0x11c24f0031b4c35e2e9353764edc61299291e0af,10002000000
1,15680285,0x77a057f8cd429f851527a13aa60a80f38eb2a1f0becb16aa47bf44f226bd88c7,1664953355,0x9e0f11d0c0ed479ac3d1ea70a7fde129f6094ffca3dd7d08b2dd46407d375c0d,129,0x552cfe6b693997861bc3bf2b479ecaae4ff9d004,0xcdbd4089c2f98da715e52127680f87afdb183a2e,2974,0xcdbd4089c2f98da715e52127680f87afdb183a2e,0x552cfe6b693997861bc3bf2b479ecaae4ff9d004,0x11c24f0031b4c35e2e9353764edc61299291e0af,113737000000000000000000
1,15688478,0x582b56de2dd9d931789a64fb7c12c8816afbb9ddf126a2d07722bc4acaf1f461,1665052235,0x93ffc267f45b916c80e8fd8173fbc1852883db512d11942c55131b204cd40a5f,58,0x4c18bd7117f0e694b0f4fdfe6a03f520ec5905c7,0x11c24f0031b4c35e2e9353764edc61299291e0af,89,0x6b175474e89094c44da98b954eedeac495271d0f,0x11c24f0031b4c35e2e9353764edc61299291e0af,0x9c571af5eb3afd528acbca7b6c3bc95b57acef07,14918000000000000000000
1,15697053,0x0e579b27cb445d20ffc127e2c185280f999490517c654c3b0ebc901429c1d20d,1665155771,0x2d5b31648305913d7e408a04e96d09b98471db61b3df677051d3ac4d285276df,150,0x8f48282e50b0210bd7c7dd69c54205e98b9ef5d9,0x11c24f0031b4c35e2e9353764edc61299291e0af,283,0x6b175474e89094c44da98b954eedeac495271d0f,0x5777d92f208679db4b9778590fa3cab3ac9e2168,0x11c24f0031b4c35e2e9353764edc61299291e0af,10000845828735901632166
1,15697053,0x0e579b27cb445d20ffc127e2c185280f999490517c654c3b0ebc901429c1d20d,1665155771,0x2d5b31648305913d7e408a04e96d09b98471db61b3df677051d3ac4d285276df,150,0x8f48282e50b0210bd7c7dd69c54205e98b9ef5d9,0x11c24f0031b4c35e2e9353764edc61299291e0af,284,0xa0b86991c6218b36c1d19d4a2e9eb0ce3606eb48,0x11c24f0031b4c35e2e9353764edc61299291e0af,0x5777d92f208679db4b9778590fa3cab3ac9e2168,10002000000
1,15697072,0x8aca7f97ac294b265fdc9901de58c90470d4269831af76ecc2c0558f3fa73a9f,1665155999,0xbb7b33ceb800306feb45a13a6af06a68826fb8f0b81d6c4094c5303d28180fa0,365,0x8f48282e50b0210bd7c7dd69c54205e98b9ef5d9,0x11c24f0031b4c35e2e9353764edc61299291e0af,348,0x6b175474e89094c44da98b954eedeac495271d0f,0x48da0965ab2d2cbf1c17c09cfb5cbe67ad5b1406,0x11c24f0031b4c35e2e9353764edc61299291e0af,8405474117621991109587
1,15697072,0x8aca7f97ac294b265fdc9901de58c90470d4269831af76ecc2c0558f3fa73a9f,1665155999,0xbb7b33ceb800306feb45a13a6af06a68826fb8f0b81d6c4094c5303d28180fa0,365,0x8f48282e50b0210bd7c7dd69c54205e98b9ef5d9,0x11c24f0031b4c35e2e9353764edc61299291e0af,349,0xdac17f958d2ee523a2206206994597c13d831ec7,0x11c24f0031b4c35e2e9353764edc61299291e0af,0x48da0965ab2d2cbf1c17c09cfb5cbe67ad5b1406,8405000000
1,15697122,0xb3219dddc2eac94ec26731358c1bb4b96a7484f5e2bb1cbd25d4c6a18e418db9,1665156611,0xe9cdc5973b7c04e508fae2d7338a4929f5ee3235d3dc622a1896231004c6f540,151,0x8f48282e50b0210bd7c7dd69c54205e98b9ef5d9,0x11c24f0031b4c35e2e9353764edc61299291e0af,317,0x6b175474e89094c44da98b954eedeac495271d0f,0x11c24f0031b4c35e2e9353764edc61299291e0af,0xb1d12c0cfc5eda37e24f8255c3d86e0054dac40a,27100000000000000000000
1,15698458,0x469bf23b70f05c3ca27a6589c26ffd599a0cdf1c60b9e50d66410aced3533802,1665172883,0x570acc72a73b5e796da0bc80a17d10f5afcc1b5b2ba985b26ef94965ff8e4084,113,0x8f48282e50b0210bd7c7dd69c54205e98b9ef5d9,0x11c24f0031b4c35e2e9353764edc61299291e0af,363,0x6b175474e89094c44da98b954eedeac495271d0f,0x5777d92f208679db4b9778590fa3cab3ac9e2168,0x11c24f0031b4c35e2e9353764edc61299291e0af,15788890981332412914350
1,15698932,0x19bbe0d673d731dd5ed17bf367df2cf7cabe8274b65b4a4b13679613e6f2722a,1665178619,0x183920e962f4410f8db668d86a708bb5c2e4e50eea1a40fdd40172e5d7b00236,232,0x00b4c83e2bfeba4e01a8623d5c379258352a733b,0x11c24f0031b4c35e2e9353764edc61299291e0af,349,0x6b175474e89094c44da98b954eedeac495271d0f,0x11c24f0031b4c35e2e9353764edc61299291e0af,0xb1d12c0cfc5eda37e24f8255c3d86e0054dac40a,18195000000000000000000
1,15710978,0x7f2e9beb8f2e302b1660d5ad233a027dd9c6fbcb98376ebdd917cd6f6cc7b670,1665323819,0x27ce28b4ba07be02e1550b8f213b3c9f4435c7fee0a41e64717f9219b34c455f,79,0x00b4c83e2bfeba4e01a8623d5c379258352a733b,0x11c24f0031b4c35e2e9353764edc61299291e0af,66,0x6b175474e89094c44da98b954eedeac495271d0f,0x11c24f0031b4c35e2e9353764edc61299291e0af,0xb1d12c0cfc5eda37e24f8255c3d86e0054dac40a,2000000000000000000000
1,15711455,0x102367212b30461f63af66ada290ffd7acd91f8c09111f4b1c00563cbc125507,1665329579,0x700302a8f57c1bbab706dc131e427cec76acd5ff2b014a5c41498e0800228ab9,100,0xa727c953ffe3e461573736fde77d20cfdce9fca3,0xa7ac9f7087d7197e0047db9a90562a1364bf897d,214,0xde30da39c46104798bb5aa3fe8b9e0e1f348163f,0xa7ac9f7087d7197e0047db9a90562a1364bf897d,0x11c24f0031b4c35e2e9353764edc61299291e0af,2762430940000000000000
1,15720673,0x5420932bb1031bd7d41eca9b84bbb11791087079d4f6f2e16808a3ebe420742e,1665440759,0x39889ee6f36d64e23b52095263cc185a229ab9766dfd819ad2f11a321ef0d99d,134,0x4c18bd7117f0e694b0f4fdfe6a03f520ec5905c7,0x11c24f0031b4c35e2e9353764edc61299291e0af,183,0xde30da39c46104798bb5aa3fe8b9e0e1f348163f,0x11c24f0031b4c35e2e9353764edc61299291e0af,0x06b1655b9d560de112759b4f0bf57d6f005e72fe,2762000000000000000000
1,15720673,0x5420932bb1031bd7d41eca9b84bbb11791087079d4f6f2e16808a3ebe420742e,1665440759,0x39889ee6f36d64e23b52095263cc185a229ab9766dfd819ad2f11a321ef0d99d,134,0x4c18bd7117f0e694b0f4fdfe6a03f520ec5905c7,0x11c24f0031b4c35e2e9353764edc61299291e0af,185,0x6b175474e89094c44da98b954eedeac495271d0f,0x60594a405d53811d3bc4766596efd80fd545a270,0x11c24f0031b4c35e2e9353764edc61299291e0af,4719459887529021287960
1,15720737,0x7ad46df536c2c172e1e1df44116c714776edaa56dfd22317e14aa8da61dcd619,1665441527,0xe854ae470f4425a79dcc3391659d52670cec626ceda8cecfd363f8643490b839,107,0x4c18bd7117f0e694b0f4fdfe6a03f520ec5905c7,0x11c24f0031b4c35e2e9353764edc61299291e0af,213,0x6b175474e89094c44da98b954eedeac495271d0f,0x11c24f0031b4c35e2e9353764edc61299291e0af,0xed322b33b005b9c65ba876506dba22c7b47f0c01,4308000000000000000000
1,15727669,0x5b28129390f62e29be54eb853b8948be0d4b4f37b125e2bd8d01bfc2db7db46c,1665525095,0x48f905110ea00769250495b5f3c7fba14fa968e81f996d3a271bb1e6ac0bf4d8,125,0x380efd7076f9cad6f3129c46de677f1f6c95135a,0x16e46dec73c0d372b461718869fba264ec08b137,180,0xa0b86991c6218b36c1d19d4a2e9eb0ce3606eb48,0x16e46dec73c0d372b461718869fba264ec08b137,0x11c24f0031b4c35e2e9353764edc61299291e0af,12000000000
1,15732567,0x167b680601ed39f3d9e7fef473b5ddc83c8e67d32b47788cc59d6d7c7ed5b43a,1665584195,0xb0c6e72adba9ff1d91ddc44812425bb6a95cdcfb4d34bf81f820ce2a0947eb6f,221,0x4c18bd7117f0e694b0f4fdfe6a03f520ec5905c7,0x11c24f0031b4c35e2e9353764edc61299291e0af,379,0xa0b86991c6218b36c1d19d4a2e9eb0ce3606eb48,0x11c24f0031b4c35e2e9353764edc61299291e0af,0xb1d12c0cfc5eda37e24f8255c3d86e0054dac40a,9416600000
1,15732889,0x177061a6ca5e1bccf1883df12c8a6127655405f32d776480c66a2157d1141472,1665588107,0x75768576d94e673605f2e8087dfe28e098f15da8992270751da353836e68a648,182,0x00b4c83e2bfeba4e01a8623d5c379258352a733b,0x11c24f0031b4c35e2e9353764edc61299291e0af,379,0x6b175474e89094c44da98b954eedeac495271d0f,0x5777d92f208679db4b9778590fa3cab3ac9e2168,0x11c24f0031b4c35e2e9353764edc61299291e0af,2583111217282843996520
1,15732889,0x177061a6ca5e1bccf1883df12c8a6127655405f32d776480c66a2157d1141472,1665588107,0x75768576d94e673605f2e8087dfe28e098f15da8992270751da353836e68a648,182,0x00b4c83e2bfeba4e01a8623d5c379258352a733b,0x11c24f0031b4c35e2e9353764edc61299291e0af,380,0xa0b86991c6218b36c1d19d4a2e9eb0ce3606eb48,0x11c24f0031b4c35e2e9353764edc61299291e0af,0x5777d92f208679db4b9778590fa3cab3ac9e2168,2583400000
1,15732936,0x7b575cf204ead852d1d09d03daf105f626b82d9240292dd631e14ced28ed5bd3,1665588671,0xcbeaebf4ed620af9169586f9274574e073e57a74733cd09611fc29d20ed811a8,81,0x00b4c83e2bfeba4e01a8623d5c379258352a733b,0x11c24f0031b4c35e2e9353764edc61299291e0af,137,0x6b175474e89094c44da98b954eedeac495271d0f,0x11c24f0031b4c35e2e9353764edc61299291e0af,0x6c17830df079bf409d3da9731aae7e6b632ebfcd,3161000000000000000000
1,15734744,0x83b69a447848ed660762f3aff056fd682fabe30c501a33caae1da68d8517c3c7,1665610463,0x5a8fa6bb07500bc4282667f22adf29dd27d3856f5d4b7ad6d75350d6ca039971,120,0x61a3cf8788b65b4967a20523bbc56e651f0dd156,0xa0b86991c6218b36c1d19d4a2e9eb0ce3606eb48,968,0xa0b86991c6218b36c1d19d4a2e9eb0ce3606eb48,0x61a3cf8788b65b4967a20523bbc56e651f0dd156,0x11c24f0031b4c35e2e9353764edc61299291e0af,10000000
1,15734978,0x25756b88d16783b8d9bce6c4eda44151d8fea8a1d645b0d50f2c6857076c2387,1665613271,0x5cd2253cae4c97211c86165e2fad1b51d6750ef456def73031145c8af903421e,58,0x61a3cf8788b65b4967a20523bbc56e651f0dd156,0xa0b86991c6218b36c1d19d4a2e9eb0ce3606eb48,89,0xa0b86991c6218b36c1d19d4a2e9eb0ce3606eb48,0x61a3cf8788b65b4967a20523bbc56e651f0dd156,0x11c24f0031b4c35e2e9353764edc61299291e0af,34990000000
1,15741051,0x3af12670bdc148526614b376fc1ac58b63c6591bc4800e66f47a3a7928848636,1665686543,0x48de7ebdc9b694abb1d50f0cc4707bef8481a8cdf192dcedde68ede7a1330b06,99,0x4c18bd7117f0e694b0f4fdfe6a03f520ec5905c7,0x11c24f0031b4c35e2e9353764edc61299291e0af,250,0x6b175474e89094c44da98b954eedeac495271d0f,0x5777d92f208679db4b9778590fa3cab3ac9e2168,0x11c24f0031b4c35e2e9353764edc61299291e0af,34996177638246629387622
1,15741051,0x3af12670bdc148526614b376fc1ac58b63c6591bc4800e66f47a3a7928848636,1665686543,0x48de7ebdc9b694abb1d50f0cc4707bef8481a8cdf192dcedde68ede7a1330b06,99,0x4c18bd7117f0e694b0f4fdfe6a03f520ec5905c7,0x11c24f0031b4c35e2e9353764edc61299291e0af,251,0xa0b86991c6218b36c1d19d4a2e9eb0ce3606eb48,0x11c24f0031b4c35e2e9353764edc61299291e0af,0x5777d92f208679db4b9778590fa3cab3ac9e2168,35000000000
1,15741126,0x21ab817247f36ccf7de7b6887f993f2026bb2b5832b3138a744964957daad139,1665687455,0xec416a019083f18269e4ecd68beef24295c833ec4091d263bc3b078f2a9697c6,96,0x4c18bd7117f0e694b0f4fdfe6a03f520ec5905c7,0x11c24f0031b4c35e2e9353764edc61299291e0af,228,0x6b175474e89094c44da98b954eedeac495271d0f,0x11c24f0031b4c35e2e9353764edc61299291e0af,0x6c17830df079bf409d3da9731aae7e6b632ebfcd,9424000000000000000000
1,15741516,0x904d19827e4d9f7518dc33e77d6a049ad89a1d050e1222923069f4aba163311b,1665692183,0x2ed67fa970b63f69bb743123803a357ff2c3a52ade4ddbe3f63067ac5f5a0f99,67,0x4c18bd7117f0e694b0f4fdfe6a03f520ec5905c7,0x11c24f0031b4c35e2e9353764edc61299291e0af,204,0x6b175474e89094c44da98b954eedeac495271d0f,0x11c24f0031b4c35e2e9353764edc61299291e0af,0x9c571af5eb3afd528acbca7b6c3bc95b57acef07,15860000000000000000000
1,15768597,0xf06e647d4255f678ff04559966ba3cbd90822f008a60cdfbf1fbbb806b1395b9,1666019039,0xb9ded2211700e580e0d5cf8374e77a93fa36b201b21e14324f4dc7592b2fc8a0,266,0x00b4c83e2bfeba4e01a8623d5c379258352a733b,0x11c24f0031b4c35e2e9353764edc61299291e0af,438,0x6b175474e89094c44da98b954eedeac495271d0f,0x11c24f0031b4c35e2e9353764edc61299291e0af,0x15ace3121918c35f7c6541e888e92aa87b1254a2,2000000000000000000000
1,15768616,0xf229d19a6b2fc2a0e37dcb046f7a38482c62d1eb83715ba8b2eed11546071fa3,1666019267,0xdcbb1d917e757b8f1760662a516aa24e2c47e821433afd0bf179d2bf93d3f35e,142,0x00b4c83e2bfeba4e01a8623d5c379258352a733b,0x11c24f0031b4c35e2e9353764edc61299291e0af,251,0x6b175474e89094c44da98b954eedeac495271d0f,0x11c24f0031b4c35e2e9353764edc61299291e0af,0x26fd44616778704e07c86eedd3ef0fa80a034405,1400000000000000000000
1,15782491,0x6a61eadac440e039153bb559d9225a547f9670e672fb5d630e4da3efc6f0a688,1666186583,0x57157f8725ea80628286d5bbd7e8b30d339f99df54f37187a66e3d1fe0246d67,122,0x00b4c83e2bfeba4e01a8623d5c379258352a733b,0x11c24f0031b4c35e2e9353764edc61299291e0af,270,0x6b175474e89094c44da98b954eedeac495271d0f,0x11c24f0031b4c35e2e9353764edc61299291e0af,0x81f62e5bf508ca4456363a0ef766b5c775b56fd2,3000000000000000000000
1,15782520,0x221193d4c35b94179f2845f34778ab2d2008c16b1c7f2f4acdd44dfa6471d8ba,1666186931,0xacd1a48e508e142ea1d5b4fd6d8b4fc15030a0d15cd7313e3ca19f06614b630d,113,0x00b4c83e2bfeba4e01a8623d5c379258352a733b,0x11c24f0031b4c35e2e9353764edc61299291e0af,295,0x6b175474e89094c44da98b954eedeac495271d0f,0x11c24f0031b4c35e2e9353764edc61299291e0af,0xfe13ed997281425cfbebd0176cd18c62a70be66e,1500000000000000000000
1,15825690,0x0508dbef0a42d52f1809fd41641cb6f4f3ec36ca28f8d28a6444804ff5568646,1666708055,0xe086e392c2578450f9e52e8a0d97276e2944112924842e0dce544579aca2ea72,24,0x66b1de0f14a0ce971f7f248415063d44caf19398,0x40a2accbd92bca938b02010e17a5b8929b49130d,46,0xde30da39c46104798bb5aa3fe8b9e0e1f348163f,0xa7ac9f7087d7197e0047db9a90562a1364bf897d,0x11c24f0031b4c35e2e9353764edc61299291e0af,9650000000000000000000
1,15825847,0x4f16863c1837a0e2570f619e27ee5651d15bb5c9878069e400d4295509f43b3e,1666709951,0x7661f882fc816b7bf9ea6067869878f55c393994d765ac546e2922d982ac13bd,6,0x00b4c83e2bfeba4e01a8623d5c379258352a733b,0x11c24f0031b4c35e2e9353764edc61299291e0af,52,0xde30da39c46104798bb5aa3fe8b9e0e1f348163f,0x11c24f0031b4c35e2e9353764edc61299291e0af,0xa3509a16bbfc5992eb01cc861b615ccd8e937da8,3377650829000000000000
1,15825847,0x4f16863c1837a0e2570f619e27ee5651d15bb5c9878069e400d4295509f43b3e,1666709951,0x7661f882fc816b7bf9ea6067869878f55c393994d765ac546e2922d982ac13bd,6,0x00b4c83e2bfeba4e01a8623d5c379258352a733b,0x11c24f0031b4c35e2e9353764edc61299291e0af,56,0x6b175474e89094c44da98b954eedeac495271d0f,0xa478c2975ab1ea89e8196811f51a7b7ade33eb11,0x11c24f0031b4c35e2e9353764edc61299291e0af,4704806744408340490190
1,15825847,0x4f16863c1837a0e2570f619e27ee5651d15bb5c9878069e400d4295509f43b3e,1666709951,0x7661f882fc816b7bf9ea6067869878f55c393994d765ac546e2922d982ac13bd,6,0x00b4c83e2bfeba4e01a8623d5c379258352a733b,0x11c24f0031b4c35e2e9353764edc61299291e0af,60,0xde30da39c46104798bb5aa3fe8b9e0e1f348163f,0x11c24f0031b4c35e2e9353764edc61299291e0af,0x06b1655b9d560de112759b4f0bf57d6f005e72fe,6272780111000000000000
1,15825847,0x4f16863c1837a0e2570f619e27ee5651d15bb5c9878069e400d4295509f43b3e,1666709951,0x7661f882fc816b7bf9ea6067869878f55c393994d765ac546e2922d982ac13bd,6,0x00b4c83e2bfeba4e01a8623d5c379258352a733b,0x11c24f0031b4c35e2e9353764edc61299291e0af,62,0x6b175474e89094c44da98b954eedeac495271d0f,0x60594a405d53811d3bc4766596efd80fd545a270,0x11c24f0031b4c35e2e9353764edc61299291e0af,8780142017947156201464
1,15826210,0xefc013d6b14846557794b12d9741ea16dc47b5097834cb51b761e912c24f6494,1666714367,0x98c4aaad2198b65da57de399416f9e5331a861d94f992db014e43ff9306af060,240,0x00b4c83e2bfeba4e01a8623d5c379258352a733b,0x11c24f0031b4c35e2e9353764edc61299291e0af,475,0x6b175474e89094c44da98b954eedeac495271d0f,0x11c24f0031b4c35e2e9353764edc61299291e0af,0x02b014c060de1947e175236819c30b18cb616093,10794000000000000000000
1,15826286,0x887024581490653255c3b739ef19224429a3224609a3a7ccccb44086b80bd20f,1666715291,0xbe41c27f7f42e95c198946ede406e508a9db694f586dbe8f510be46b2c793582,172,0x00b4c83e2bfeba4e01a8623d5c379258352a733b,0x11c24f0031b4c35e2e9353764edc61299291e0af,284,0x6b175474e89094c44da98b954eedeac495271d0f,0x11c24f0031b4c35e2e9353764edc61299291e0af,0x3e4e638588e2edadad8a15baa3afbce9f94f8339,670000000000000000000
1,15833579,0x96aaee18a67aa15d2beeb28bd10f12296a8a15afd1642e8358886dbf9ee93ecb,1666803335,0x3b400c6fbdc9a8b54ea9d83ca01637026a17dd0af76247349e51a5092a1a0a52,176,0xf9f470bc6b581b8b47b8f96b2400cf4ae340e00e,0x840c57b24d0ef6030930be2b8b45d3e7a3aeb199,393,0xa0b86991c6218b36c1d19d4a2e9eb0ce3606eb48,0x840c57b24d0ef6030930be2b8b45d3e7a3aeb199,0x11c24f0031b4c35e2e9353764edc61299291e0af,19027000000
1,15840041,0x54653b25b4ce319808984095c053ff58d97510e7a0ca10f23e041f9b41e7674e,1666881299,0x6a03fe2ade380ac617880db6c31667e451397cd189912687913973d3492dc249,276,0x00b4c83e2bfeba4e01a8623d5c379258352a733b,0x11c24f0031b4c35e2e9353764edc61299291e0af,640,0x6b175474e89094c44da98b954eedeac495271d0f,0x5777d92f208679db4b9778590fa3cab3ac9e2168,0x11c24f0031b4c35e2e9353764edc61299291e0af,19025007232974405156264
1,15840041,0x54653b25b4ce319808984095c053ff58d97510e7a0ca10f23e041f9b41e7674e,1666881299,0x6a03fe2ade380ac617880db6c31667e451397cd189912687913973d3492dc249,276,0x00b4c83e2bfeba4e01a8623d5c379258352a733b,0x11c24f0031b4c35e2e9353764edc61299291e0af,641,0xa0b86991c6218b36c1d19d4a2e9eb0ce3606eb48,0x11c24f0031b4c35e2e9353764edc61299291e0af,0x5777d92f208679db4b9778590fa3cab3ac9e2168,19027000000
1,15840051,0x38ece39d4431f8fc8b393644bd755a81cc7c58e9c3ce5b91559f16865a54b36a,1666881419,0x1dfaec862e1443394006ccee7039f22f03fbe086eb01796e3cb7c23f209b1e56,231,0x00b4c83e2bfeba4e01a8623d5c379258352a733b,0x11c24f0031b4c35e2e9353764edc61299291e0af,409,0x6b175474e89094c44da98b954eedeac495271d0f,0x11c24f0031b4c35e2e9353764edc61299291e0af,0x50ccf30828ddda5adfd25a3cec24b83f13496774,6900000000000000000000
1,15840403,0xcbf28ff5ae346b69b5e3009cb025fea958bdf3cd3f2e3a87bbc8095b5a5ddf0e,1666885691,0x87383479bfc2448a9bc3a7ffd3480910f0c596f873f381b103ba221f12b7d221,171,0x00b4c83e2bfeba4e01a8623d5c379258352a733b,0x11c24f0031b4c35e2e9353764edc61299291e0af,300,0x6b175474e89094c44da98b954eedeac495271d0f,0x11c24f0031b4c35e2e9353764edc61299291e0af,0x6ed44e657f6b5d7f0f2199ac5b15b2f0e8986b47,15958733300676441229348
1,16358411,0x84b3eb2de40ba6c167acb6bfdbcf7dc678defb64fbea190259995f9214da5d34,1673136779,0xa2cc83fe7898f278fceda736b51bd26d0eabcc897160fc1d353651a49ea29a6a,24,0xa2bf1b0a7e079767b4701b5a1d9d5700eb42d1d1,0xa7ac9f7087d7197e0047db9a90562a1364bf897d,294,0xde30da39c46104798bb5aa3fe8b9e0e1f348163f,0xa7ac9f7087d7197e0047db9a90562a1364bf897d,0x11c24f0031b4c35e2e9353764edc61299291e0af,7692307692000000000000
1,16383714,0xf30d6311e44c1926002e747400f925d0b0a606dd88b77a5cc8d457d4574a15c2,1673441855,0x9aa89ca9399a783ed8dc97135869b883e2ded7501e913164b13c3d24c7bbe725,134,0x00b4c83e2bfeba4e01a8623d5c379258352a733b,0x11c24f0031b4c35e2e9353764edc61299291e0af,256,0xde30da39c46104798bb5aa3fe8b9e0e1f348163f,0x11c24f0031b4c35e2e9353764edc61299291e0af,0x931896a8a9313f622a2afca76d1471b97955e551,7692307692000000000000
1,16591286,0xdd9b9d9b97cb8fe5d733671d6add8812f911f6d2dc09e21597728eeb7cda04b9,1675946795,0x2a32391e6854e1e5327db974c23f3051970c374ba854cc3d0d0e9b518d8ce9ac,95,0x7526aa906fec47d8f65f46218327c48eaa164894,0xcfd374ba3996ae34cabf97b43857b0c54f131d4f,187,0xa0b86991c6218b36c1d19d4a2e9eb0ce3606eb48,0xcfd374ba3996ae34cabf97b43857b0c54f131d4f,0x11c24f0031b4c35e2e9353764edc61299291e0af,10000000000
1,16591408,0x89a8a2ba5ace702a9568ce5a576102ccaf7676254e496424fd9e681df30ef450,1675948271,0x03ce1f8376f8c5982ba91a4a3b650b82b2aba316536f6fa62233fa74498e745f,80,0x73d18eee18dfc96ddf199bda9e073eac583f0c04,0x40a2accbd92bca938b02010e17a5b8929b49130d,194,0xa0b86991c6218b36c1d19d4a2e9eb0ce3606eb48,0x840c57b24d0ef6030930be2b8b45d3e7a3aeb199,0x11c24f0031b4c35e2e9353764edc61299291e0af,20000000000
1,16594195,0xb8aa57640cb5784c322ac47957d1ce5108e071d99cdd84e24cb14eeb5cce3934,1675981955,0x3dae72cc248fcf2cc529ec9325f674d0899547db4a54455a7436aa0048b7e2fc,63,0xe77d2e3adcf2ab187570c40512f9ccfb3858c23b,0xcd42b4c4d102cc22864e3a1341bb0529c17fd87d,203,0xa0b86991c6218b36c1d19d4a2e9eb0ce3606eb48,0xcd42b4c4d102cc22864e3a1341bb0529c17fd87d,0x11c24f0031b4c35e2e9353764edc61299291e0af,10000000000
1,16617300,0x5478f1ff12a8d9f1b4c34573a1e202f86645da5ce0bc7190aac349e0534fd06a,1676260691,0x7a33637399db0734186a40fbac061a762b46506c2400f8878db426add37abb36,33,0x5041ed759dd4afc3a72b8192c143f72f4724081a,0xa0b86991c6218b36c1d19d4a2e9eb0ce3606eb48,76,0xa0b86991c6218b36c1d19d4a2e9eb0ce3606eb48,0x5041ed759dd4afc3a72b8192c143f72f4724081a,0x11c24f0031b4c35e2e9353764edc61299291e0af,10000000000
1,16627467,0xa65b89ab7cb53987a69fb4d7515497d157ea739eaacb3d2601d340d25b6c617e,1676383499,0x3a152bc54373e83bfc8c63b26cfcd65b88ba956e11ee7ac8035acc38a1983772,76,0x2d92b3083420c99bf864906c0e080d4c41ed241b,0xa0b86991c6218b36c1d19d4a2e9eb0ce3606eb48,160,0xa0b86991c6218b36c1d19d4a2e9eb0ce3606eb48,0x2d92b3083420c99bf864906c0e080d4c41ed241b,0x11c24f0031b4c35e2e9353764edc61299291e0af,15000000000
1,16638361,0x099534eed5833eeab5a58d0ae0d2cc6349c126fe2490785dababf9d4d1390949,1676515067,0xfc4e51825bfb49ac5f5dd9f1cc914dae12c39ba9c9b075162fd5c2dd81a06289,172,0xe605435fa66bd8aa8851b4c6bd835d121c381c12,0xa0b86991c6218b36c1d19d4a2e9eb0ce3606eb48,415,0xa0b86991c6218b36c1d19d4a2e9eb0ce3606eb48,0xe605435fa66bd8aa8851b4c6bd835d121c381c12,0x11c24f0031b4c35e2e9353764edc61299291e0af,10000000
1,16646321,0xeb871010149af68ab40ab8b6e0a42469219d89b5f0d05f1e460b6a53474d8817,1676611223,0x1383033a95ae98579d0e7506b927411130dad21ce047ec80b42d333528f3a3ce,119,0xe605435fa66bd8aa8851b4c6bd835d121c381c12,0xa0b86991c6218b36c1d19d4a2e9eb0ce3606eb48,255,0xa0b86991c6218b36c1d19d4a2e9eb0ce3606eb48,0xe605435fa66bd8aa8851b4c6bd835d121c381c12,0x11c24f0031b4c35e2e9353764edc61299291e0af,9990000000
1,16649372,0xaffd0e25eab7e59fc678cf6cb48ad25bcc95b7b0e3af3e0ff85447651eef3075,1676648447,0xcf1b1f9fd7c08cd721cc6e803c3e899d1b70a1f6b7f3f95aa1e555914270c337,66,0x67148aba8bd65cc3ee06d53b14541083ab4cfffc,0x58e6c7ab55aa9012eacca16d1ed4c15795669e1c,63,0xa0b86991c6218b36c1d19d4a2e9eb0ce3606eb48,0x58e6c7ab55aa9012eacca16d1ed4c15795669e1c,0x11c24f0031b4c35e2e9353764edc61299291e0af,10000000000
1,16671873,0xe57348b12340981137182f1fec896dd9ea064abf6f5277c68f7f57a6bdc384b0,1676921747,0x67ebd5afa34edca0e11ef93a6e8e14b2fe6a20e8fad0d3cb8bef6864c4a7d3ae,89,0x00b4c83e2bfeba4e01a8623d5c379258352a733b,0x11c24f0031b4c35e2e9353764edc61299291e0af,147,0xa0b86991c6218b36c1d19d4a2e9eb0ce3606eb48,0x11c24f0031b4c35e2e9353764edc61299291e0af,0xd73b03f1ea390feb20d879e4dfb83f1245c8d4be,14937000000
1,16676257,0xfb9f35175107a57900edbe81f2bea15ed34322a4030beb43863159fd2e236e8b,1676975039,0xb89634ce0de04ed811ebbb59feb2e6589e2b1cfa1e99f8e31ce292fb74eb4918,72,0x18fec35ecdc3f53fc77993867974b239eab700d0,0xa0b86991c6218b36c1d19d4a2e9eb0ce3606eb48,168,0xa0b86991c6218b36c1d19d4a2e9eb0ce3606eb48,0x18fec35ecdc3f53fc77993867974b239eab700d0,0x11c24f0031b4c35e2e9353764edc61299291e0af,20000000000
1,16734524,0x107f9b354436afbed6ada0e4da113aacdfe31d6794d188ff1122b2d0e8daf2a1,1677682871,0x8b59d512ca910197be95cdd06b9906c5a7e196fa29d3ef37654630379da77f87,10,0xf0919ec356e4221e0b8c8b0d1992bdc0d7475e4e,0x463091f2878063132ebee6179b840111dab492a3,28,0xa0b86991c6218b36c1d19d4a2e9eb0ce3606eb48,0x463091f2878063132ebee6179b840111dab492a3,0x11c24f0031b4c35e2e9353764edc61299291e0af,10000000000
1,16785223,0xe85d6d537e85b407e65db26c2934f4f56c7749b7722b58693596db01623a0270,1678298975,0x1af3a70e26567306c6d9e9a8001b1ea035fe64f3d68380674ac973a88a55dcb9,157,0x00b4c83e2bfeba4e01a8623d5c379258352a733b,0x11c24f0031b4c35e2e9353764edc61299291e0af,371,0xa0b86991c6218b36c1d19d4a2e9eb0ce3606eb48,0x11c24f0031b4c35e2e9353764edc61299291e0af,0xfb82fbeb335848ac7563219c2bebed07e5291475,20000000000
1,16801573,0x21767549c7b6402d6d8ddca7528dc01212c443c7f4555a1bc2427c4d5a3b5027,1678498007,0xd924f5b63260eb279bb4b9ff3af9e33044d6d1b0746e417c3cb111961ca16bd1,63,0x00b4c83e2bfeba4e01a8623d5c379258352a733b,0x11c24f0031b4c35e2e9353764edc61299291e0af,174,0xa0b86991c6218b36c1d19d4a2e9eb0ce3606eb48,0x11c24f0031b4c35e2e9353764edc61299291e0af,0xcfbc67429109def50758fb79f15fee6bae817e92,2700000000
1,16801576,0x84536eea8bc8ec8655b9a5031880dcd5ec88d448f52d01b8215a7eff83fd920d,1678498043,0x25d3761ced0261899ac9201ffd021309aa2b0e3a160583167ea9bc6de22e120f,47,0x00b4c83e2bfeba4e01a8623d5c379258352a733b,0x11c24f0031b4c35e2e9353764edc61299291e0af,146,0xa0b86991c6218b36c1d19d4a2e9eb0ce3606eb48,0x11c24f0031b4c35e2e9353764edc61299291e0af,0x02b014c060de1947e175236819c30b18cb616093,10609000000
1,16871800,0x32c306aadcb91352b2ace7262b2059ca7dcd1c7150184ad9e979370bd243785e,1679350619,0xee0cd6f0009488e673b02c23e1adaadee315bbd049cdc33ee17fd5c54a3b9194,139,0x8aff0d8f6c74c0a1b16e52a7855d9cbe0c1fe371,0xa0b86991c6218b36c1d19d4a2e9eb0ce3606eb48,331,0xa0b86991c6218b36c1d19d4a2e9eb0ce3606eb48,0x8aff0d8f6c74c0a1b16e52a7855d9cbe0c1fe371,0x11c24f0031b4c35e2e9353764edc61299291e0af,10000000
1,16876429,0xcbceb5a1215705b7db31f09549b7801d01561d8f46415d576d1bdf5f4af52b15,1679406767,0xd5d57b75c032f833b935a0febe9909f2966364eb0c372d6dab06f746b804dfa5,120,0x8aff0d8f6c74c0a1b16e52a7855d9cbe0c1fe371,0xa0b86991c6218b36c1d19d4a2e9eb0ce3606eb48,400,0xa0b86991c6218b36c1d19d4a2e9eb0ce3606eb48,0x8aff0d8f6c74c0a1b16e52a7855d9cbe0c1fe371,0x11c24f0031b4c35e2e9353764edc61299291e0af,19990000000
1,16882098,0x193aac4f6452f921e4fa3ad488fe2374f99db333cc300ccd3373df07633fc7cb,1679475539,0xef45fa6721669d113c5ad9b13457090619605008ffdd6fa0676302d0e3829ca9,158,0x4c18bd7117f0e694b0f4fdfe6a03f520ec5905c7,0x11c24f0031b4c35e2e9353764edc61299291e0af,285,0xa0b86991c6218b36c1d19d4a2e9eb0ce3606eb48,0x11c24f0031b4c35e2e9353764edc61299291e0af,0xd73b03f1ea390feb20d879e4dfb83f1245c8d4be,76824000000
1,16882298,0x5ccc9d8ff4fa9d3ce44f76382d5d025b32eb96b252404184e34da431117b3740,1679477987,0x23bad98964a9903ec233ddd9d2e51e99c95a1e48c95a488fea057536d37b905e,101,0x4c18bd7117f0e694b0f4fdfe6a03f520ec5905c7,0x11c24f0031b4c35e2e9353764edc61299291e0af,212,0xa0b86991c6218b36c1d19d4a2e9eb0ce3606eb48,0x11c24f0031b4c35e2e9353764edc61299291e0af,0x14f7046978bebd6468b76892ff60f58c555761c8,1000000000
1,16899244,0x9b5871cd320bbbd99ee772fa953d51736383d3f3bdc3cd031d9db8d6021e7377,1679683727,0x15c1cf13fb72b0644946f39af9d699791223784aaae768710666bb796a80c985,100,0x4c18bd7117f0e694b0f4fdfe6a03f520ec5905c7,0x11c24f0031b4c35e2e9353764edc61299291e0af,203,0xa0b86991c6218b36c1d19d4a2e9eb0ce3606eb48,0x11c24f0031b4c35e2e9353764edc61299291e0af,0x15ace3121918c35f7c6541e888e92aa87b1254a2,2000000000
1,16904663,0x54a8cb62b4939edeabb9b66706c8b3b4269e6887178bc5ad54c2a86d9dbd5ba1,1679749535,0x33cef71ababa827393cc6f733f69161c4b6f7180aab0a181e4d7f95eea56be2b,134,0x4c18bd7117f0e694b0f4fdfe6a03f520ec5905c7,0x11c24f0031b4c35e2e9353764edc61299291e0af,220,0xa0b86991c6218b36c1d19d4a2e9eb0ce3606eb48,0x11c24f0031b4c35e2e9353764edc61299291e0af,0x26fd44616778704e07c86eedd3ef0fa80a034405,1500000000
1,16935352,0x9b9d5d84f3134fbcf3152b2815ae3f9d2ad9ca40223a5409bbaa6bccc3d8cd5e,1680122219,0x99c56db57cda2da428a588fc8a14917ec16cf06c0ad3ef66d7ab59aebdbd056e,46,0x00b4c83e2bfeba4e01a8623d5c379258352a733b,0x11c24f0031b4c35e2e9353764edc61299291e0af,117,0xa0b86991c6218b36c1d19d4a2e9eb0ce3606eb48,0x11c24f0031b4c35e2e9353764edc61299291e0af,0x14f7046978bebd6468b76892ff60f58c555761c8,106000000
1,17045844,0x53594c812cb35686ee38465dbeec2a44b371621dd02e6940549783f31de4c272,1681480631,0x86f1f80918606ba23fff8e6333e5587e275b7bef0a2e746122019f5896b8ac61,153,0x00b4c83e2bfeba4e01a8623d5c379258352a733b,0x11c24f0031b4c35e2e9353764edc61299291e0af,304,0xa0b86991c6218b36c1d19d4a2e9eb0ce3606eb48,0x11c24f0031b4c35e2e9353764edc61299291e0af,0x18fec35ecdc3f53fc77993867974b239eab700d0,3000000000
1,17127618,0xe3f488851a17232ea2358365d9f6dde17106186d2c600befea9d967d724159db,1682478347,0x297b8ac4eddc60b428f5cd2ad4324d95b74be45ec06dec1a710b27eb566ff5f2,85,0xc2e2b715d9e302947ec7e312fd2384b5a1296099,0x40a2accbd92bca938b02010e17a5b8929b49130d,214,0xa0b86991c6218b36c1d19d4a2e9eb0ce3606eb48,0x11c24f0031b4c35e2e9353764edc61299291e0af,0xc23da3ca9300571b9cf43298228353cbb3e1b4c0,2324000000
1,17498044,0x6da13daeffc531d6347827b7b20b1ef5f6845c98965492638149c488391e874c,1686986951,0x323ecc86540b1bf69bfbe75270917aa27a4f1cd1770febe5c89397f93ef011e9,130,0x4af210f7bb3bcbb8a0613a4237a0211ad8ff94db,0xe72ecea44b6d8b2b3cf5171214d9730e86213ca2,274,0xdac17f958d2ee523a2206206994597c13d831ec7,0x4af210f7bb3bcbb8a0613a4237a0211ad8ff94db,0x11c24f0031b4c35e2e9353764edc61299291e0af,5003381435
1,17612933,0xc686411ffdd4d6396b10b52acbe10ea56be243de512b77d38c6b61f5b25757ed,1688381147,0xd7de76004a017d0d0541b3b9eddd0a1dec03e7f128ff23c3e34fdfe4efc79874,81,0xdd902b61a25890db5367f693a4f39de3d111ca1e,0x840c57b24d0ef6030930be2b8b45d3e7a3aeb199,190,0xa0b86991c6218b36c1d19d4a2e9eb0ce3606eb48,0x840c57b24d0ef6030930be2b8b45d3e7a3aeb199,0x11c24f0031b4c35e2e9353764edc61299291e0af,5000000000
1,17669864,0xe1da13c26dd71867bb5d4c99327a15b75082e001ecae8ec5630f719c58d67e97,1689072347,0xce6869be2a5a0d9428dc8e2e9a603f32bcd17bed2f36b72f37010a366c3a4240,66,0x9600e2ee6377dadad7299b120026661c336a5e6d,0x11c24f0031b4c35e2e9353764edc61299291e0af,118,0xa0b86991c6218b36c1d19d4a2e9eb0ce3606eb48,0x11c24f0031b4c35e2e9353764edc61299291e0af,0xed1a388386a67ecd4612b4be8faa0626cac3b03c,3900000000
1,17692195,0x1e1f2fc037d83d96d6c1fe3dd86efae2e64fd9505af40eca31cb9dc7ac3576d5,1689343739,0x8f418b354239da188270f5ff95a7eb770de6acf6db3241cf7a284ac559b8af53,45,0x11cef9107c289e4533e30c1588af516cf36bada6,0x5e08981b66e7b0e1ca12140df8d94ac27bdd73df,87,0xa0b86991c6218b36c1d19d4a2e9eb0ce3606eb48,0x5e08981b66e7b0e1ca12140df8d94ac27bdd73df,0x11c24f0031b4c35e2e9353764edc61299291e0af,5000346774
1,17864266,0x19e45512c73727550dfcad78a758b006e1e12329939aefd6ffc1b74eba555fee,1691425967,0xa24ef24a92fdf0581282d6e7e31e9441b3653ac4f9610044abd0915c139d10dc,104,0x28c6c06298d514db089934071355e5743bf21d60,0xa0b86991c6218b36c1d19d4a2e9eb0ce3606eb48,227,0xa0b86991c6218b36c1d19d4a2e9eb0ce3606eb48,0x28c6c06298d514db089934071355e5743bf21d60,0x11c24f0031b4c35e2e9353764edc61299291e0af,50000000
1,17899356,0xacb2747b16e0f94a9aff901ad5a238f9dd7eaeacaf9cec4ac406018b768cec52,1691850275,0x473ad6dfd50c6eda58deab19fb30e1ca4b61a50be819e35ba019b9fe3a6e1b84,80,0x28c6c06298d514db089934071355e5743bf21d60,0xa0b86991c6218b36c1d19d4a2e9eb0ce3606eb48,226,0xa0b86991c6218b36c1d19d4a2e9eb0ce3606eb48,0x28c6c06298d514db089934071355e5743bf21d60,0x11c24f0031b4c35e2e9353764edc61299291e0af,4900000000
1,17914164,0x6630676d929a3570abbeac06b1b63370d272f4d2125c2daa88c9572135de586b,1692029099,0x23c93332a7438aa4095ba7da9f2625b059260cbc10fad76754f4bcfbc2b5b128,46,0x8f48282e50b0210bd7c7dd69c54205e98b9ef5d9,0x11c24f0031b4c35e2e9353764edc61299291e0af,118,0xa0b86991c6218b36c1d19d4a2e9eb0ce3606eb48,0x11c24f0031b4c35e2e9353764edc61299291e0af,0xd73b03f1ea390feb20d879e4dfb83f1245c8d4be,6114460000
1,18301363,0x852b35ced53bbd8e75998e9d7521a1bc3001d5fb7840f6c75140e81e3f792e18,1696714943,0x10cf8ab195c9b35b31f2ead09c22c2dfa996634214db3bfd7bca245d2518fb6a,103,0xaa25290530407885699ca7074dac3a4bd1f80077,0xb8ac53afccebc44aac33d0c30e2ae0783e7fde5f,2994,0xb8ac53afccebc44aac33d0c30e2ae0783e7fde5f,0xa0b86991c6218b36c1d19d4a2e9eb0ce3606eb48,0x11c24f0031b4c35e2e9353764edc61299291e0af,3999990000
1,18967502,0xb20225c49b8ee8ced87337a814bb8ae5f60219ded015b4b9361ff6d66d3bd403,1704780203,0x4de9c05c325d9a618aad225c0aa52f827cf724a3be53f76eda840296626a092e,59,0xbe0d0181e0def55020ccd8352b881502ee6fcd57,0xd96d9ed4be8091c3528480336d16897062d9128d,3141,0xd96d9ed4be8091c3528480336d16897062d9128d,0xa0b86991c6218b36c1d19d4a2e9eb0ce3606eb48,0x11c24f0031b4c35e2e9353764edc61299291e0af,3999990000
1,20420190,0xeaf6d6e998e4d11eba942a02da214ce780f37b3f626c27969f77eed4dd013690,1722352391,0x642710ce097ca1237a96a9b54f34715de41d447009b5b6ff83e84aba1115c07d,55,0xc2e2b715d9e302947ec7e312fd2384b5a1296099,0x11c24f0031b4c35e2e9353764edc61299291e0af,289,0xdac17f958d2ee523a2206206994597c13d831ec7,0x11c24f0031b4c35e2e9353764edc61299291e0af,0xc23da3ca9300571b9cf43298228353cbb3e1b4c0,5003381435
1,20422434,0x4691c51109567d163e238265f02c3833ac3ab1b3c81bc765c951a7453bef44cc,1722379475,0xdf0809aef919fd8b83044283551df19544c1ebb17ed77f9def3154e08b5fc54c,20,0x4f5347878477ddfe739ef4c75754420ea207e313,0xfd879816f6e6d169f78328f9938d1d312eab87f1,443,0xc623144ca6c1d943be8e518a45a7b195b7e6df1d,0x11c24f0031b4c35e2e9353764edc61299291e0af,0xc23da4243de58055ea2f7d7c142390e7afaab4c0,5003381435
1,20442244,0x7e906ab9d3ce7e87c14900cfa8496a1252bc5b8e4dc0c8eb042abb165d2fc680,1722618407,0xdc3846d05b8757b2237a61251376810229e3921b3155ed0598a5672281d514d7,21,0xc2e2b715d9e302947ec7e312fd2384b5a1296099,0x11c24f0031b4c35e2e9353764edc61299291e0af,152,0xa0b86991c6218b36c1d19d4a2e9eb0ce3606eb48,0x11c24f0031b4c35e2e9353764edc61299291e0af,0xc23da3ca9300571b9cf43298228353cbb3e1b4c0,4935886774
1,20442331,0xab3efdec6f351c0febbd8576f7fa020a8537fa67997202f396800fb8fff42c0c,1722619451,0xc21140eb975bef7e92638ff1d3d83fe506f2c18aee68acef87d4065487168978,159,0x787067deedab163c7588eefedac143585ffb28d1,0xfd879816f6e6d169f78328f9938d1d312eab87f1,492,0x0f5435ae8633d0af4ffba77b1130d95448b30702,0x11c24f0031b4c35e2e9353764edc61299291e0af,0xc23da4243de58055ea2f7d7c142390e7afaab4c0,4935886774
